{
 "sym_antisym": {
  "sym_ratios": [
   0.8320943713188171,
   0.8034186363220215,
   0.8199863433837891,
   0.7917469143867493,
   0.8059015274047852,
   0.8334073424339294,
   0.783535897731781,
   0.7887524366378784,
   0.7932817339897156,
   0.8023911118507385,
   0.7879086136817932,
   0.7832120656967163,
   0.7950656414031982,
   0.8412009477615356,
   0.8542119264602661,
   0.7959632873535156,
   0.7960764169692993,
   0.8194220066070557,
   0.7854606509208679,
   0.8115431666374207,
   0.8287522196769714,
   0.8885330557823181,
   0.795083224773407,
   0.8072333931922913,
   0.8172048926353455,
   0.8445306420326233,
   0.8024851679801941,
   0.7978850603103638,
   0.8333932757377625,
   0.7875006198883057,
   0.8343963623046875,
   0.7906051874160767,
   0.8187742829322815,
   0.8120802044868469,
   0.8772518038749695,
   0.7962141036987305,
   0.8598803877830505,
   0.8304060697555542,
   0.8115266561508179,
   0.8062203526496887,
   0.8416073322296143,
   0.8052394986152649,
   0.7950632572174072,
   0.7809230089187622,
   0.7872673273086548,
   0.7892793416976929,
   0.8175581097602844,
   0.8109140396118164
  ],
  "diffusion_pct": 81.2
 },
 "traces": {
  "values": [
   -4.548478126525879,
   -4.01627779006958,
   -5.93502950668335,
   -3.5573110580444336,
   -3.7585694789886475,
   -4.058218002319336,
   -3.685626983642578,
   -3.799004077911377,
   -3.6601526737213135,
   -3.7232487201690674,
   -4.09288215637207,
   -4.124116897583008,
   -3.929964065551758,
   -4.5065107345581055,
   -3.9117608070373535,
   -4.169181823730469,
   -3.8855409622192383,
   -5.419346809387207,
   -3.7754554748535156,
   -4.193253517150879,
   -5.674327373504639,
   -3.1623759269714355,
   -4.0236124992370605,
   -3.797039031982422,
   -3.944035053253174,
   -6.094045639038086,
   -3.736252784729004,
   -4.230627059936523,
   -5.257732391357422,
   -3.9175772666931152,
   -4.598562240600586,
   -3.6081414222717285,
   -4.220590591430664,
   -3.8862204551696777,
   -3.9037258625030518,
   -3.905733108520508,
   -4.0875725746154785,
   -4.7006025314331055,
   -4.5387043952941895,
   -4.363250732421875,
   -4.363285541534424,
   -3.794649839401245,
   -4.146231174468994,
   -3.864086866378784,
   -3.8650078773498535,
   -3.8289034366607666,
   -3.889295816421509,
   -3.658538341522217
  ],
  "all_negative": true,
  "range": [
   -6.094045639038086,
   -3.1623759269714355
  ]
 },
 "mean_reverting": {
  "frac_negative_per_block": [
   0.6875,
   0.6875,
   0.6666666666666666,
   0.6458333333333334,
   0.6458333333333334,
   0.6666666666666666,
   0.6875,
   0.6458333333333334,
   0.6666666666666666,
   0.625,
   0.6875,
   0.6666666666666666,
   0.6875,
   0.6458333333333334,
   0.6458333333333334,
   0.6666666666666666,
   0.6666666666666666,
   0.6666666666666666,
   0.6666666666666666,
   0.6875,
   0.6458333333333334,
   0.625,
   0.6875,
   0.6875,
   0.6666666666666666,
   0.6666666666666666,
   0.6666666666666666,
   0.6666666666666666,
   0.6666666666666666,
   0.6666666666666666,
   0.7291666666666666,
   0.6666666666666666,
   0.6666666666666666,
   0.6458333333333334,
   0.625,
   0.625,
   0.6666666666666666,
   0.625,
   0.6666666666666666,
   0.7083333333333334,
   0.6666666666666666,
   0.625,
   0.6666666666666666,
   0.6875,
   0.6666666666666666,
   0.6666666666666666,
   0.6666666666666666,
   0.6666666666666666
  ],
  "mean_frac_negative": 0.6644965277777778
 },
 "cumulative_drift": {
  "spectral_radius": [
   1.0532647676770057,
   1.06528695136127,
   1.1055183928591403,
   1.1316573059655652,
   1.1230257592484572,
   1.1697142787936243,
   1.1852099329182266,
   1.1746515064129672,
   1.2505127127844897,
   1.2708501279901898,
   1.3259924972418191,
   1.3622381661743008,
   1.3704509320151244,
   1.3622386858113185,
   1.3449789597927126,
   1.2505097622088377,
   1.2296044804839898,
   1.1615590895529309,
   1.227813078881189,
   1.1396566883456194,
   1.051101075280815,
   1.0189395861875736,
   1.0051801163061245,
   0.9828248259296114,
   0.9516876852310063,
   0.9585882221159903,
   0.8752718174004602,
   0.832446000279511,
   0.7912475975113494,
   0.771953131009241,
   0.7881346409581185,
   0.8071312536041169,
   0.7809007610578435,
   0.634765126589051,
   0.6313180195274071,
   0.6266375440182407,
   0.5761823947355251,
   0.540454667578113,
   0.5399804094826861,
   0.5372678283734342,
   0.5584938653176356,
   0.5166372516860326,
   0.5123479850487388,
   0.5122295586401485,
   0.5919174840622684,
   0.6515586515234275,
   0.736277096572129,
   0.9453970665532491
  ],
  "effective_rank": [
   47.359957481992204,
   46.15753090887106,
   44.9640350722517,
   43.628690664984106,
   42.23900102743784,
   40.83325858828586,
   39.695424873846186,
   38.642066865442175,
   37.54668005555683,
   36.46720176109169,
   35.42989685428659,
   34.45572983883627,
   33.50086707413851,
   32.76207799446008,
   31.91453500294092,
   31.14118746561859,
   30.378220766821777,
   29.577110269569992,
   28.86514367008868,
   28.13037990722984,
   27.358902104908967,
   26.714290464958964,
   26.25846825386546,
   25.683106266748986,
   25.129593000681425,
   24.577194217097258,
   24.064603945273173,
   23.498402770084756,
   22.84977121449667,
   22.332178651789757,
   21.787448449015358,
   21.23875407064566,
   20.90198717863579,
   20.461697283991793,
   19.70461933469731,
   19.156887207961113,
   18.43622110379389,
   17.943454432492487,
   17.08422919496379,
   16.29978209572984,
   15.230251275066202,
   14.088933853348259,
   12.972441200053279,
   11.998586124874937,
   10.980539316088533,
   10.0711379881124,
   9.470874981212527,
   8.958820273003226
  ],
  "condition_number": [
   2.6529934372136172,
   5.110462815393539,
   9.373073776844512,
   15.771376716150257,
   25.751350755438878,
   34.989333725337566,
   45.185575316407636,
   59.516620035027195,
   74.75084246451532,
   85.94659358231135,
   114.0321144862862,
   137.94374035252238,
   177.34491834363146,
   212.05977523817873,
   255.85603102553458,
   327.6133656631092,
   391.62145849136914,
   490.8711067022024,
   587.9537931479232,
   721.5737635227994,
   872.7047569875064,
   1035.0807453249215,
   1166.2574175587285,
   1409.0359617356908,
   1659.43132207021,
   1978.895013597893,
   2374.0481687475576,
   3005.733535729929,
   3695.9168512097503,
   4302.375172609808,
   4947.234975256333,
   6144.932749016217,
   7075.00786325688,
   7807.863477433569,
   9654.846623045005,
   11145.096770749271,
   14426.666148679702,
   17496.165477966555,
   22653.620708457485,
   31139.910631703224,
   42661.11655215455,
   61367.75750279168,
   99466.34944779029,
   187034.8510564105,
   462433.15358205506,
   1096219.909350563,
   2845653.765026277,
   6679147.314079418
  ]
 },
 "factor_structure": {
  "effective_rank": 8.958820273003226,
  "explained": {
   "top_1": 50.80606220328271,
   "top_2": 76.98429944986911,
   "top_3": 89.80983331303139,
   "top_5": 96.46921155481054,
   "top_10": 99.82945426530131
  },