{"method":"Delta-Greedy (Residual-Flow)","script":"ordering/01_delta_greedy.py","raw":{"correct_positions":77,"total_positions":97,"mse":0.0002878574014175683},"polished":{"correct_positions":97,"total_positions":97,"mse":3.160553348441168e-14},"deltas":[1.062784,0.777871,0.686646,0.591426,0.536414,0.467592,0.469346,0.465675,0.435274,0.414207,0.433295,0.429969,0.427415,0.440248,0.428158,0.401898,0.433961,0.422606,0.428716,0.425673,0.409382,0.410417,0.404232,0.400616,0.425993,0.434756,0.423145,0.425936,0.429798,0.45772,0.48215,0.477249,0.503331,0.510726,0.583661,0.574443,0.638595,0.675979,0.705062,0.808911,1.048381,1.150028,1.238431,1.398035,1.452405,1.691282,1.436202,3.202712],"elapsed_s":58.28}