{"method":"SVD Cross-Alignment (Hidden Space)","script":"pairing/03_svd_cross_alignment.py","total_recipes":670,"exact_count":101,"accuracy_distribution":{"9":22,"10":16,"13":11,"14":7,"15":11,"16":11,"17":13,"18":9,"19":13,"20":21,"21":11,"22":19,"23":17,"24":26,"25":18,"26":22,"27":16,"28":3,"29":7,"30":21,"31":14,"32":34,"33":20,"34":13,"35":9,"36":28,"37":36,"38":22,"39":11,"40":5,"41":7,"42":4,"43":5,"44":36,"46":31,"48":101},"single_features":[{"name":"hidden_frob","accuracy":48},{"name":"hidden_match","accuracy":32},{"name":"hidden_diag","accuracy":10},{"name":"hidden_top8","accuracy":9}],"best":{"recipe":"0.25*hidden_diag + 0.25*hidden_match + 1*hidden_frob","accuracy":48},"e2e":{"mse_delta":0.0002878574014175683,"polished_mse":3.160553348441168e-14},"elapsed_s":98.19}